Datetime,Water Level (m)
2025-09-12 18:00:00,0.056647442
2025-09-12 19:00:00,0.26251313
2025-09-12 20:00:00,0.4905275
2025-09-12 21:00:00,0.7689212
2025-09-12 22:00:00,0.9733349
2025-09-12 23:00:00,1.05032
2025-09-13 00:00:00,0.91994
2025-09-13 01:00:00,0.66485536
2025-09-13 02:00:00,0.47426844
2025-09-13 03:00:00,0.28384456
2025-09-13 04:00:00,0.11627226
2025-09-13 05:00:00,0.002255566
2025-09-13 06:00:00,0.07505558
2025-09-13 07:00:00,0.32097763
2025-09-13 08:00:00,0.4938899
2025-09-13 09:00:00,0.7257428
2025-09-13 10:00:00,0.92016137
2025-09-13 11:00:00,0.95112216
2025-09-13 12:00:00,0.78004456
2025-09-13 13:00:00,0.57447463
2025-09-13 14:00:00,0.3968856
2025-09-13 15:00:00,0.22074196
2025-09-13 16:00:00,0.06236535
2025-09-13 17:00:00,-0.056272674
2025-09-13 18:00:00,-0.049123723
2025-09-13 19:00:00,0.18013911
2025-09-13 20:00:00,0.3742238
2025-09-13 21:00:00,0.60408795
2025-09-13 22:00:00,0.8725039
2025-09-13 23:00:00,1.0173589
2025-09-14 00:00:00,1.0225316
2025-09-14 01:00:00,0.8338619
2025-09-14 02:00:00,0.6433583
2025-09-14 03:00:00,0.4768241
2025-09-14 04:00:00,0.3122515
2025-09-14 05:00:00,0.17641494
2025-09-14 06:00:00,0.09796312
2025-09-14 07:00:00,0.15901496
2025-09-14 08:00:00,0.3452416
2025-09-14 09:00:00,0.49583977
2025-09-14 10:00:00,0.65851295
2025-09-14 11:00:00,0.8149958
2025-09-14 12:00:00,0.8246483
2025-09-14 13:00:00,0.66991353
2025-09-14 14:00:00,0.5136321
2025-09-14 15:00:00,0.36136046
2025-09-14 16:00:00,0.21541367
2025-09-14 17:00:00,0.090588406
2025-09-14 18:00:00,0.014981798
2025-09-14 19:00:00,0.061218053
2025-09-14 20:00:00,0.24952674
2025-09-14 21:00:00,0.41795635
2025-09-14 22:00:00,0.61662316
2025-09-14 23:00:00,0.834281
2025-09-15 00:00:00,0.97107667
2025-09-15 01:00:00,1.0063881
2025-09-15 02:00:00,0.8938688
2025-09-15 03:00:00,0.7128729
2025-09-15 04:00:00,0.5698599
2025-09-15 05:00:00,0.4291166
2025-09-15 06:00:00,0.30106732
2025-09-15 07:00:00,0.21795955
2025-09-15 08:00:00,0.21724226
2025-09-15 09:00:00,0.33266664
2025-09-15 10:00:00,0.46343532
2025-09-15 11:00:00,0.58700746
2025-09-15 12:00:00,0.6814853
2025-09-15 13:00:00,0.7120949
2025-09-15 14:00:00,0.6438549
2025-09-15 15:00:00,0.5364311
2025-09-15 16:00:00,0.42660853
2025-09-15 17:00:00,0.30947053
2025-09-15 18:00:00,0.20194171
2025-09-15 19:00:00,0.12265125
2025-09-15 20:00:00,0.11613682
2025-09-15 21:00:00,0.22984053
2025-09-15 22:00:00,0.40364704
2025-09-15 23:00:00,0.57377726
2025-09-16 00:00:00,0.7489672
2025-09-16 01:00:00,0.9251269
2025-09-16 02:00:00,0.99752903
2025-09-16 03:00:00,0.9689427
2025-09-16 04:00:00,0.82078105
2025-09-16 05:00:00,0.68772984
2025-09-16 06:00:00,0.55442125
2025-09-16 07:00:00,0.433436
2025-09-16 08:00:00,0.3198314
2025-09-16 09:00:00,0.24328057
2025-09-16 10:00:00,0.23973209
2025-09-16 11:00:00,0.344089
2025-09-16 12:00:00,0.49487686
2025-09-16 13:00:00,0.62933487
2025-09-16 14:00:00,0.7386489
2025-09-16 15:00:00,0.7868283
2025-09-16 16:00:00,0.7277398
2025-09-16 17:00:00,0.6183617
2025-09-16 18:00:00,0.5047447
2025-09-16 19:00:00,0.38582316
2025-09-16 20:00:00,0.27685818
2025-09-16 21:00:00,0.20315014
2025-09-16 22:00:00,0.20866168
2025-09-16 23:00:00,0.34466696
2025-09-17 00:00:00,0.5332884
2025-09-17 01:00:00,0.72166
2025-09-17 02:00:00,0.91042167
2025-09-17 03:00:00,1.0641762
2025-09-17 04:00:00,1.097401
2025-09-17 05:00:00,0.9821602
2025-09-17 06:00:00,0.81774837
2025-09-17 07:00:00,0.6710266
2025-09-17 08:00:00,0.52642035
2025-09-17 09:00:00,0.39415213
2025-09-17 10:00:00,0.2817224
2025-09-17 11:00:00,0.22635067
2025-09-17 12:00:00,0.29936588
2025-09-17 13:00:00,0.47755304
2025-09-17 14:00:00,0.64612246
2025-09-17 15:00:00,0.80507195
2025-09-17 16:00:00,0.9376108
2025-09-17 17:00:00,0.9376271
2025-09-17 18:00:00,0.7844603
2025-09-17 19:00:00,0.6481097
2025-09-17 20:00:00,0.5033722
2025-09-17 21:00:00,0.3777266
2025-09-17 22:00:00,0.26256505
2025-09-17 23:00:00,0.20179743
2025-09-18 00:00:00,0.2865049
2025-09-18 01:00:00,0.5142062
2025-09-18 02:00:00,0.72591674
2025-09-18 03:00:00,0.9620581
2025-09-18 04:00:00,1.1470712
2025-09-18 05:00:00,1.2194573
2025-09-18 06:00:00,1.1057624
2025-09-18 07:00:00,0.9033659
2025-09-18 08:00:00,0.73320174
2025-09-18 09:00:00,0.5502843
2025-09-18 10:00:00,0.40810397
2025-09-18 11:00:00,0.28529087
2025-09-18 12:00:00,0.21890672
2025-09-18 13:00:00,0.32236886
2025-09-18 14:00:00,0.5433315
2025-09-18 15:00:00,0.7415501
2025-09-18 16:00:00,0.96180147
2025-09-18 17:00:00,1.1010202
2025-09-18 18:00:00,1.0864449
